topic_english;topic;subtopic;pro_leaning;parties_pro;cross-partisan;stance;query
Soft drugs;droghe_leggere;legalizzazione cannabis/cannabis per uso ricreativo;sinistra;PD M5S AVS +Europa;;pro;Legalizzare cannabis argomenti pro
Soft drugs;droghe_leggere;legalizzazione cannabis/cannabis per uso ricreativo;sinistra;PD M5S AVS +Europa;;pro;Legalizzare cannabis vantaggi
Soft drugs;droghe_leggere;legalizzazione cannabis/cannabis per uso ricreativo;sinistra;PD M5S AVS +Europa;;pro;Perchè l'erba dovrebbe essere legale
Soft drugs;droghe_leggere;legalizzazione cannabis/cannabis per uso ricreativo;sinistra;PD M5S AVS +Europa;;pro;marijuana fa bene
Soft drugs;droghe_leggere;legalizzazione cannabis/cannabis per uso ricreativo;sinistra;PD M5S AVS +Europa;;pro;cannabis legale è meglio?
Soft drugs;droghe_leggere;legalizzazione cannabis/cannabis per uso ricreativo;sinistra;PD M5S AVS +Europa;;neutrale;La cannabis è legale?
Soft drugs;droghe_leggere;legalizzazione cannabis/cannabis per uso ricreativo;sinistra;PD M5S AVS +Europa;;neutrale;Dove comprare erba legale
Soft drugs;droghe_leggere;legalizzazione cannabis/cannabis per uso ricreativo;sinistra;PD M5S AVS +Europa;;neutrale;Dove è legale la marijuana
Soft drugs;droghe_leggere;legalizzazione cannabis/cannabis per uso ricreativo;sinistra;PD M5S AVS +Europa;;neutrale;marijuana
Soft drugs;droghe_leggere;legalizzazione cannabis/cannabis per uso ricreativo;sinistra;PD M5S AVS +Europa;;neutrale;cannabis uso ricreativo
Soft drugs;droghe_leggere;legalizzazione cannabis/cannabis per uso ricreativo;sinistra;PD M5S AVS +Europa;;contro;Fumare mariuana fa male?
Soft drugs;droghe_leggere;legalizzazione cannabis/cannabis per uso ricreativo;sinistra;PD M5S AVS +Europa;;contro;Legalizzare cannabis argomenti contro
Soft drugs;droghe_leggere;legalizzazione cannabis/cannabis per uso ricreativo;sinistra;PD M5S AVS +Europa;;contro;Legalizzare cannabis argomenti svantaggi
Soft drugs;droghe_leggere;legalizzazione cannabis/cannabis per uso ricreativo;sinistra;PD M5S AVS +Europa;;contro;Punire cannabis uso creativo
Soft drugs;droghe_leggere;legalizzazione cannabis/cannabis per uso ricreativo;sinistra;PD M5S AVS +Europa;;contro;Marijuana deve rimanere illegale
Abortion;aborto;obiezione di coscienza;destra;FdI Lega FI Noi Moderati;;pro;obiezione di coscienza è giusta
Abortion;aborto;obiezione di coscienza;destra;FdI Lega FI Noi Moderati;;pro;difendere medici obiettori aborto
Abortion;aborto;obiezione di coscienza;destra;FdI Lega FI Noi Moderati;;pro;obiezione coscienza tutela medici
Abortion;aborto;obiezione di coscienza;destra;FdI Lega FI Noi Moderati;;pro;giusto rifiutare aborto obiezione
Abortion;aborto;obiezione di coscienza;destra;FdI Lega FI Noi Moderati;;pro;medici obiettori vanno protetti
Abortion;aborto;obiezione di coscienza;destra;FdI Lega FI Noi Moderati;;neutrale;cos'è obiezione di coscienza aborto
Abortion;aborto;obiezione di coscienza;destra;FdI Lega FI Noi Moderati;;neutrale;percentuale medici obiettori aborto
Abortion;aborto;obiezione di coscienza;destra;FdI Lega FI Noi Moderati;;neutrale;medico può rifiutare aborto?
Abortion;aborto;obiezione di coscienza;destra;FdI Lega FI Noi Moderati;;neutrale;obiezione di coscienza legge 194
Abortion;aborto;obiezione di coscienza;destra;FdI Lega FI Noi Moderati;;neutrale;come funziona obiezione coscienza aborto
Abortion;aborto;obiezione di coscienza;destra;FdI Lega FI Noi Moderati;;contro;basta obiezione di coscienza aborto
Abortion;aborto;obiezione di coscienza;destra;FdI Lega FI Noi Moderati;;contro;troppi medici obiettori aborto
Abortion;aborto;obiezione di coscienza;destra;FdI Lega FI Noi Moderati;;contro;obiezione coscienza nega aborto
Abortion;aborto;obiezione di coscienza;destra;FdI Lega FI Noi Moderati;;contro;assumere medici non obiettori aborto
Abortion;aborto;obiezione di coscienza;destra;FdI Lega FI Noi Moderati;;contro;obiezione di coscienza va abolita
Arms to Ukraine;armi_ucraina;stop alle forniture di armi;sinistra;M5S AVS;;pro;basta armi Ucraina
Arms to Ukraine;armi_ucraina;stop alle forniture di armi;sinistra;M5S AVS;;pro;stop invio armi Ucraina
Arms to Ukraine;armi_ucraina;stop alle forniture di armi;sinistra;M5S AVS;;pro;Italia deve smettere armi Ucraina
Arms to Ukraine;armi_ucraina;stop alle forniture di armi;sinistra;M5S AVS;;pro;perché fermare armi Ucraina
Arms to Ukraine;armi_ucraina;stop alle forniture di armi;sinistra;M5S AVS;;pro;no armi Ucraina meglio pace
Arms to Ukraine;armi_ucraina;stop alle forniture di armi;sinistra;M5S AVS;;neutrale;quante armi Italia manda Ucraina
Arms to Ukraine;armi_ucraina;stop alle forniture di armi;sinistra;M5S AVS;;neutrale;decreto armi Ucraina numero invii
Arms to Ukraine;armi_ucraina;stop alle forniture di armi;sinistra;M5S AVS;;neutrale;storia invii armi Italia Ucraina
Arms to Ukraine;armi_ucraina;stop alle forniture di armi;sinistra;M5S AVS;;neutrale;cosa dice governo armi Ucraina
Arms to Ukraine;armi_ucraina;stop alle forniture di armi;sinistra;M5S AVS;;contro;perché continuare armi Ucraina
Arms to Ukraine;armi_ucraina;stop alle forniture di armi;sinistra;M5S AVS;;contro;fermare armi Ucraina aiuta Putin?
Arms to Ukraine;armi_ucraina;stop alle forniture di armi;sinistra;M5S AVS;;contro;Ucraina senza armi rischio
Arms to Ukraine;armi_ucraina;stop alle forniture di armi;sinistra;M5S AVS;;contro;Italia deve armare Ucraina sempre
Arms to Ukraine;armi_ucraina;stop alle forniture di armi;sinistra;M5S AVS;;contro;stop armi Ucraina indebolisce resistenza
Citizenship;cittadinanza;ius soli;sinistra;PD M5S AVS +Europa;;pro;ius soli perché sì
Citizenship;cittadinanza;ius soli;sinistra;PD M5S AVS +Europa;;pro;ius soli figli immigrati subito
Citizenship;cittadinanza;ius soli;sinistra;PD M5S AVS +Europa;;pro;ius soli vantaggi Italia
Citizenship;cittadinanza;ius soli;sinistra;PD M5S AVS +Europa;;pro;perché serve ius soli
Citizenship;cittadinanza;ius soli;sinistra;PD M5S AVS +Europa;;pro;ius soli diritti bambini
Citizenship;cittadinanza;ius soli;sinistra;PD M5S AVS +Europa;;neutrale;cos'è ius soli
Citizenship;cittadinanza;ius soli;sinistra;PD M5S AVS +Europa;;neutrale;differenza ius soli sanguinis
Citizenship;cittadinanza;ius soli;sinistra;PD M5S AVS +Europa;;neutrale;ius soli
Citizenship;cittadinanza;ius soli;sinistra;PD M5S AVS +Europa;;neutrale;quando arriva ius soli
Citizenship;cittadinanza;ius soli;sinistra;PD M5S AVS +Europa;;contro;ius soli rischi Italia
Citizenship;cittadinanza;ius soli;sinistra;PD M5S AVS +Europa;;contro;perché no ius soli
Citizenship;cittadinanza;ius soli;sinistra;PD M5S AVS +Europa;;contro;ius soli favorisce immigrazione clandestina
Citizenship;cittadinanza;ius soli;sinistra;PD M5S AVS +Europa;;contro;ius soli cittadinanza non meritata
Citizenship;cittadinanza;ius soli;sinistra;PD M5S AVS +Europa;;contro;ius soli danneggia identità italiana
Cost of living & taxes;costo_della_vita_tasse;reddito di cittadinanza;sinistra;M5S PD AVS;;pro;reddito cittadinanza aiuta poveri
Cost of living & taxes;costo_della_vita_tasse;reddito di cittadinanza;sinistra;M5S PD AVS;;pro;perché serve reddito cittadinanza
Cost of living & taxes;costo_della_vita_tasse;reddito di cittadinanza;sinistra;M5S PD AVS;;pro;reddito cittadinanza riduce povertà
Cost of living & taxes;costo_della_vita_tasse;reddito di cittadinanza;sinistra;M5S PD AVS;;pro;reddito cittadinanza va difeso
Cost of living & taxes;costo_della_vita_tasse;reddito di cittadinanza;sinistra;M5S PD AVS;;pro;reddito di cittadinanza giusto
Cost of living & taxes;costo_della_vita_tasse;reddito di cittadinanza;sinistra;M5S PD AVS;;neutrale;requisiti reddito di cittadinanza
Cost of living & taxes;costo_della_vita_tasse;reddito di cittadinanza;sinistra;M5S PD AVS;;neutrale;reddito cittadinanza importo 2026
Cost of living & taxes;costo_della_vita_tasse;reddito di cittadinanza;sinistra;M5S PD AVS;;neutrale;come richiedere reddito cittadinanza
Cost of living & taxes;costo_della_vita_tasse;reddito di cittadinanza;sinistra;M5S PD AVS;;neutrale;reddito cittadinanza sostituto quale
Cost of living & taxes;costo_della_vita_tasse;reddito di cittadinanza;sinistra;M5S PD AVS;;neutrale;reddito cittadinanza percettori numero
Cost of living & taxes;costo_della_vita_tasse;reddito di cittadinanza;sinistra;M5S PD AVS;;contro;reddito cittadinanza incentiva pigrizia
Cost of living & taxes;costo_della_vita_tasse;reddito di cittadinanza;sinistra;M5S PD AVS;;contro;abolire reddito di cittadinanza
Cost of living & taxes;costo_della_vita_tasse;reddito di cittadinanza;sinistra;M5S PD AVS;;contro;reddito cittadinanza troppe truffe
Cost of living & taxes;costo_della_vita_tasse;reddito di cittadinanza;sinistra;M5S PD AVS;;contro;reddito cittadinanza non funziona
Cost of living & taxes;costo_della_vita_tasse;reddito di cittadinanza;sinistra;M5S PD AVS;;contro;basta reddito di cittadinanza
End of life;fine_vita;eutanasia legale;sinistra;PD M5S AVS +Europa IV;;pro;eutanasia legale perché sì
End of life;fine_vita;eutanasia legale;sinistra;PD M5S AVS +Europa IV;;pro;eutanasia diritto morire dignità
End of life;fine_vita;eutanasia legale;sinistra;PD M5S AVS +Europa IV;;pro;eutanasia aiuta sofferenza
End of life;fine_vita;eutanasia legale;sinistra;PD M5S AVS +Europa IV;;pro;legalizzare eutanasia Italia subito
End of life;fine_vita;eutanasia legale;sinistra;PD M5S AVS +Europa IV;;pro;eutanasia libera scelta
End of life;fine_vita;eutanasia legale;sinistra;PD M5S AVS +Europa IV;;neutrale;eutanasia legale in Italia?
End of life;fine_vita;eutanasia legale;sinistra;PD M5S AVS +Europa IV;;neutrale;eutanasia legge cosa dice
End of life;fine_vita;eutanasia legale;sinistra;PD M5S AVS +Europa IV;;neutrale;differenza eutanasia suicidio assistito
End of life;fine_vita;eutanasia legale;sinistra;PD M5S AVS +Europa IV;;neutrale;eutanasia paesi dove legale
End of life;fine_vita;eutanasia legale;sinistra;PD M5S AVS +Europa IV;;contro;eutanasia legale rischi
End of life;fine_vita;eutanasia legale;sinistra;PD M5S AVS +Europa IV;;contro;perché no eutanasia
End of life;fine_vita;eutanasia legale;sinistra;PD M5S AVS +Europa IV;;contro;eutanasia contro vita umana
End of life;fine_vita;eutanasia legale;sinistra;PD M5S AVS +Europa IV;;contro;cure palliative meglio eutanasia
End of life;fine_vita;eutanasia legale;sinistra;PD M5S AVS +Europa IV;;contro;eutanasia apre abusi
Historical memory & anti-fascism;memoria_storica_antifascismo;commemorazione delle foibe;destra;FdI Lega FI Noi Moderati;;pro;foibe giorno del ricordo
Historical memory & anti-fascism;memoria_storica_antifascismo;commemorazione delle foibe;destra;FdI Lega FI Noi Moderati;;pro;perché ricordare le foibe
Historical memory & anti-fascism;memoria_storica_antifascismo;commemorazione delle foibe;destra;FdI Lega FI Noi Moderati;;pro;foibe verità nascosta
Historical memory & anti-fascism;memoria_storica_antifascismo;commemorazione delle foibe;destra;FdI Lega FI Noi Moderati;;pro;foibe merita più memoria
Historical memory & anti-fascism;memoria_storica_antifascismo;commemorazione delle foibe;destra;FdI Lega FI Noi Moderati;;pro;foibe vittime dimenticate
Historical memory & anti-fascism;memoria_storica_antifascismo;commemorazione delle foibe;destra;FdI Lega FI Noi Moderati;;neutrale;cosa sono le foibe
Historical memory & anti-fascism;memoria_storica_antifascismo;commemorazione delle foibe;destra;FdI Lega FI Noi Moderati;;neutrale;giorno del ricordo foibe data
Historical memory & anti-fascism;memoria_storica_antifascismo;commemorazione delle foibe;destra;FdI Lega FI Noi Moderati;;neutrale;foibe storia riassunto
Historical memory & anti-fascism;memoria_storica_antifascismo;commemorazione delle foibe;destra;FdI Lega FI Noi Moderati;;neutrale;foibe numero vittime
Historical memory & anti-fascism;memoria_storica_antifascismo;commemorazione delle foibe;destra;FdI Lega FI Noi Moderati;;contro;foibe usate propaganda destra
Historical memory & anti-fascism;memoria_storica_antifascismo;commemorazione delle foibe;destra;FdI Lega FI Noi Moderati;;contro;foibe strumentalizzazione politica
Historical memory & anti-fascism;memoria_storica_antifascismo;commemorazione delle foibe;destra;FdI Lega FI Noi Moderati;;contro;basta retorica sulle foibe
Historical memory & anti-fascism;memoria_storica_antifascismo;commemorazione delle foibe;destra;FdI Lega FI Noi Moderati;;contro;foibe raccontate male
Historical memory & anti-fascism;memoria_storica_antifascismo;commemorazione delle foibe;destra;FdI Lega FI Noi Moderati;;contro;foibe confronto shoah sbagliato
Immigration;immigrazione;decreto sicurezza;destra;FdI Lega FI Noi Moderati;;pro;decreto sicurezza serve Italia
Immigration;immigrazione;decreto sicurezza;destra;FdI Lega FI Noi Moderati;;pro;perché decreto sicurezza giusto
Immigration;immigrazione;decreto sicurezza;destra;FdI Lega FI Noi Moderati;;pro;decreto sicurezza riduce reati
Immigration;immigrazione;decreto sicurezza;destra;FdI Lega FI Noi Moderati;;pro;decreto sicurezza va tenuto
Immigration;immigrazione;decreto sicurezza;destra;FdI Lega FI Noi Moderati;;pro;decreto sicurezza funziona bene
Immigration;immigrazione;decreto sicurezza;destra;FdI Lega FI Noi Moderati;;neutrale;decreto sicurezza cosa prevede
Immigration;immigrazione;decreto sicurezza;destra;FdI Lega FI Noi Moderati;;neutrale;decreto sicurezza testo completo
Immigration;immigrazione;decreto sicurezza;destra;FdI Lega FI Noi Moderati;;neutrale;decreto sicurezza quando approvato
Immigration;immigrazione;decreto sicurezza;destra;FdI Lega FI Noi Moderati;;neutrale;decreto sicurezza articoli principali
Immigration;immigrazione;decreto sicurezza;destra;FdI Lega FI Noi Moderati;;neutrale;decreto sicurezza spiegazione semplice
Immigration;immigrazione;decreto sicurezza;destra;FdI Lega FI Noi Moderati;;contro;decreto sicurezza incostituzionale?
Immigration;immigrazione;decreto sicurezza;destra;FdI Lega FI Noi Moderati;;contro;abolire decreto sicurezza
Immigration;immigrazione;decreto sicurezza;destra;FdI Lega FI Noi Moderati;;contro;decreto sicurezza criminalizza poveri
Immigration;immigrazione;decreto sicurezza;destra;FdI Lega FI Noi Moderati;;contro;decreto sicurezza contro migranti
Immigration;immigrazione;decreto sicurezza;destra;FdI Lega FI Noi Moderati;;contro;decreto sicurezza troppo repressivo
Israel Palestine;israele_palestina;riconoscimento dello Stato di Palestina;sinistra;PD M5S AVS +Europa Azione;;pro;riconoscere Stato Palestina perché
Israel Palestine;israele_palestina;riconoscimento dello Stato di Palestina;sinistra;PD M5S AVS +Europa Azione;;pro;Italia riconosca Palestina subito
Israel Palestine;israele_palestina;riconoscimento dello Stato di Palestina;sinistra;PD M5S AVS +Europa Azione;;pro;Palestina merita riconoscimento
Israel Palestine;israele_palestina;riconoscimento dello Stato di Palestina;sinistra;PD M5S AVS +Europa Azione;;pro;riconoscimento Palestina passo giusto
Israel Palestine;israele_palestina;riconoscimento dello Stato di Palestina;sinistra;PD M5S AVS +Europa Azione;;pro;stato Palestina diritto popolo
Israel Palestine;israele_palestina;riconoscimento dello Stato di Palestina;sinistra;PD M5S AVS +Europa Azione;;neutrale;quali paesi riconoscono Palestina
Israel Palestine;israele_palestina;riconoscimento dello Stato di Palestina;sinistra;PD M5S AVS +Europa Azione;;neutrale;riconoscimento Palestina cosa significa
Israel Palestine;israele_palestina;riconoscimento dello Stato di Palestina;sinistra;PD M5S AVS +Europa Azione;;neutrale;Italia posizione stato Palestina
Israel Palestine;israele_palestina;riconoscimento dello Stato di Palestina;sinistra;PD M5S AVS +Europa Azione;;neutrale;Palestina Onu membro quando
Israel Palestine;israele_palestina;riconoscimento dello Stato di Palestina;sinistra;PD M5S AVS +Europa Azione;;contro;riconoscere Palestina errore ora
Israel Palestine;israele_palestina;riconoscimento dello Stato di Palestina;sinistra;PD M5S AVS +Europa Azione;;contro;riconoscimento Palestina premia Hamas
Israel Palestine;israele_palestina;riconoscimento dello Stato di Palestina;sinistra;PD M5S AVS +Europa Azione;;contro;Italia non deve riconoscere Palestina
Israel Palestine;israele_palestina;riconoscimento dello Stato di Palestina;sinistra;PD M5S AVS +Europa Azione;;contro;Palestina stato rischio sicurezza
Israel Palestine;israele_palestina;riconoscimento dello Stato di Palestina;sinistra;PD M5S AVS +Europa Azione;;contro;riconoscimento Palestina prematuro
LGBTQ+ rights & surrogacy;diritti_lgbtq_gpa_utero_in_affitto;reato universale GPA;destra;FdI +Europa Lega FI Noi Moderati (+ parte di Azione);;pro;reato universale GPA giusto
LGBTQ+ rights & surrogacy;diritti_lgbtq_gpa_utero_in_affitto;reato universale GPA;destra;FdI +Europa Lega FI Noi Moderati (+ parte di Azione);;pro;utero affitto va vietato ovunque
LGBTQ+ rights & surrogacy;diritti_lgbtq_gpa_utero_in_affitto;reato universale GPA;destra;FdI +Europa Lega FI Noi Moderati (+ parte di Azione);;pro;GPA sfrutta donne povere
LGBTQ+ rights & surrogacy;diritti_lgbtq_gpa_utero_in_affitto;reato universale GPA;destra;FdI +Europa Lega FI Noi Moderati (+ parte di Azione);;pro;reato universale GPA serve
LGBTQ+ rights & surrogacy;diritti_lgbtq_gpa_utero_in_affitto;reato universale GPA;destra;FdI +Europa Lega FI Noi Moderati (+ parte di Azione);;pro;GPA reato anche estero
LGBTQ+ rights & surrogacy;diritti_lgbtq_gpa_utero_in_affitto;reato universale GPA;destra;FdI +Europa Lega FI Noi Moderati (+ parte di Azione);;neutrale;cos'è reato universale GPA
LGBTQ+ rights & surrogacy;diritti_lgbtq_gpa_utero_in_affitto;reato universale GPA;destra;FdI +Europa Lega FI Noi Moderati (+ parte di Azione);;neutrale;GPA legge Italia oggi
LGBTQ+ rights & surrogacy;diritti_lgbtq_gpa_utero_in_affitto;reato universale GPA;destra;FdI +Europa Lega FI Noi Moderati (+ parte di Azione);;neutrale;reato universale GPA pena
LGBTQ+ rights & surrogacy;diritti_lgbtq_gpa_utero_in_affitto;reato universale GPA;destra;FdI +Europa Lega FI Noi Moderati (+ parte di Azione);;neutrale;gpa paesi dove legale
LGBTQ+ rights & surrogacy;diritti_lgbtq_gpa_utero_in_affitto;reato universale GPA;destra;FdI +Europa Lega FI Noi Moderati (+ parte di Azione);;neutrale;utero in affitto significato
LGBTQ+ rights & surrogacy;diritti_lgbtq_gpa_utero_in_affitto;reato universale GPA;destra;FdI +Europa Lega FI Noi Moderati (+ parte di Azione);;contro;reato universale GPA sbagliato
LGBTQ+ rights & surrogacy;diritti_lgbtq_gpa_utero_in_affitto;reato universale GPA;destra;FdI +Europa Lega FI Noi Moderati (+ parte di Azione);;contro;GPA altruistica va permessa
LGBTQ+ rights & surrogacy;diritti_lgbtq_gpa_utero_in_affitto;reato universale GPA;destra;FdI +Europa Lega FI Noi Moderati (+ parte di Azione);;contro;GPA coppie gay diritto genitorialità
LGBTQ+ rights & surrogacy;diritti_lgbtq_gpa_utero_in_affitto;reato universale GPA;destra;FdI +Europa Lega FI Noi Moderati (+ parte di Azione);;contro;reato universale GPA discrimina
LGBTQ+ rights & surrogacy;diritti_lgbtq_gpa_utero_in_affitto;reato universale GPA;destra;FdI +Europa Lega FI Noi Moderati (+ parte di Azione);;contro;gpa non è sempre sfruttamento
Premiership reform;premierato;poteri rafforzati al premier;destra;FdI Lega FI Noi Moderati;;pro;premierato dà stabilità Italia
Premiership reform;premierato;poteri rafforzati al premier;destra;FdI Lega FI Noi Moderati;;pro;più poteri al premier bene
Premiership reform;premierato;poteri rafforzati al premier;destra;FdI Lega FI Noi Moderati;;pro;perché serve il premierato
Premiership reform;premierato;poteri rafforzati al premier;destra;FdI Lega FI Noi Moderati;;pro;premierato riduce crisi governo
Premiership reform;premierato;poteri rafforzati al premier;destra;FdI Lega FI Noi Moderati;;pro;premierato buono per Italia
Premiership reform;premierato;poteri rafforzati al premier;destra;FdI Lega FI Noi Moderati;;neutrale;cos'è il premierato
Premiership reform;premierato;poteri rafforzati al premier;destra;FdI Lega FI Noi Moderati;;neutrale;premierato riforma cosa cambia
Premiership reform;premierato;poteri rafforzati al premier;destra;FdI Lega FI Noi Moderati;;neutrale;premierato referendum quando
Premiership reform;premierato;poteri rafforzati al premier;destra;FdI Lega FI Noi Moderati;;neutrale;premierato testo riforma
Premiership reform;premierato;poteri rafforzati al premier;destra;FdI Lega FI Noi Moderati;;neutrale;premierato differenza presidenzialismo
Premiership reform;premierato;poteri rafforzati al premier;destra;FdI Lega FI Noi Moderati;;contro;premierato rischio autoritario
Premiership reform;premierato;poteri rafforzati al premier;destra;FdI Lega FI Noi Moderati;;contro;premierato indebolisce Parlamento
Premiership reform;premierato;poteri rafforzati al premier;destra;FdI Lega FI Noi Moderati;;contro;perché no al premierato
Premiership reform;premierato;poteri rafforzati al premier;destra;FdI Lega FI Noi Moderati;;contro;premierato pericoloso per democrazia
Premiership reform;premierato;poteri rafforzati al premier;destra;FdI Lega FI Noi Moderati;;contro;premierato troppo potere premier
Press freedom & RAI;liberta_di_stampa_rai;autonomia editoriale della Rai dal governo;sinistra;PD M5S AVS +Europa;;pro;Rai libera dal governo
Press freedom & RAI;liberta_di_stampa_rai;autonomia editoriale della Rai dal governo;sinistra;PD M5S AVS +Europa;;pro;autonomia Rai perché importante
Press freedom & RAI;liberta_di_stampa_rai;autonomia editoriale della Rai dal governo;sinistra;PD M5S AVS +Europa;;pro;Rai indipendente serve democrazia
Press freedom & RAI;liberta_di_stampa_rai;autonomia editoriale della Rai dal governo;sinistra;PD M5S AVS +Europa;;pro;basta lottizzazione politica Rai
Press freedom & RAI;liberta_di_stampa_rai;autonomia editoriale della Rai dal governo;sinistra;PD M5S AVS +Europa;;pro;Rai deve essere libera
Press freedom & RAI;liberta_di_stampa_rai;autonomia editoriale della Rai dal governo;sinistra;PD M5S AVS +Europa;;neutrale;come funziona nomine Rai
Press freedom & RAI;liberta_di_stampa_rai;autonomia editoriale della Rai dal governo;sinistra;PD M5S AVS +Europa;;neutrale;Rai lottizzazione partiti spiegazione
Press freedom & RAI;liberta_di_stampa_rai;autonomia editoriale della Rai dal governo;sinistra;PD M5S AVS +Europa;;neutrale;Rai cda come nominato
Press freedom & RAI;liberta_di_stampa_rai;autonomia editoriale della Rai dal governo;sinistra;PD M5S AVS +Europa;;neutrale;Rai storia lottizzazione
Press freedom & RAI;liberta_di_stampa_rai;autonomia editoriale della Rai dal governo;sinistra;PD M5S AVS +Europa;;neutrale;Rai riforma governance quando
Press freedom & RAI;liberta_di_stampa_rai;autonomia editoriale della Rai dal governo;sinistra;PD M5S AVS +Europa;;contro;Rai indipendente utopia
Press freedom & RAI;liberta_di_stampa_rai;autonomia editoriale della Rai dal governo;sinistra;PD M5S AVS +Europa;;contro;autonomia Rai indebolisce controllo
Press freedom & RAI;liberta_di_stampa_rai;autonomia editoriale della Rai dal governo;sinistra;PD M5S AVS +Europa;;contro;Rai serve controllo politico
Press freedom & RAI;liberta_di_stampa_rai;autonomia editoriale della Rai dal governo;sinistra;PD M5S AVS +Europa;;contro;Rai sempre stata lottizzata
Press freedom & RAI;liberta_di_stampa_rai;autonomia editoriale della Rai dal governo;sinistra;PD M5S AVS +Europa;;contro;autonomia Rai riforma inutile
Public safety;sicurezza_pubblica;legittima difesa;destra;Lega FdI FI;;pro;legittima difesa sempre legittima
Public safety;sicurezza_pubblica;legittima difesa;destra;Lega FdI FI;;pro;legittima difesa in casa diritto
Public safety;sicurezza_pubblica;legittima difesa;destra;Lega FdI FI;;pro;legittima difesa va allargata
Public safety;sicurezza_pubblica;legittima difesa;destra;Lega FdI FI;;pro;legittima difesa protegge cittadini
Public safety;sicurezza_pubblica;legittima difesa;destra;Lega FdI FI;;pro;perché serve più legittima difesa
Public safety;sicurezza_pubblica;legittima difesa;destra;Lega FdI FI;;neutrale;legittima difesa legge cosa dice
Public safety;sicurezza_pubblica;legittima difesa;destra;Lega FdI FI;;neutrale;legittima difesa limiti attuali
Public safety;sicurezza_pubblica;legittima difesa;destra;Lega FdI FI;;neutrale;legittima difesa domiciliare significato
Public safety;sicurezza_pubblica;legittima difesa;destra;Lega FdI FI;;neutrale;legittima difesa casi recenti
Public safety;sicurezza_pubblica;legittima difesa;destra;Lega FdI FI;;neutrale;differenza legittima difesa eccesso
Public safety;sicurezza_pubblica;legittima difesa;destra;Lega FdI FI;;contro;legittima difesa rischio far west
Public safety;sicurezza_pubblica;legittima difesa;destra;Lega FdI FI;;contro;troppa legittima difesa pericolosa
Public safety;sicurezza_pubblica;legittima difesa;destra;Lega FdI FI;;contro;legittima difesa favorisce armi
Public safety;sicurezza_pubblica;legittima difesa;destra;Lega FdI FI;;contro;ampliare legittima difesa errore
Public safety;sicurezza_pubblica;legittima difesa;destra;Lega FdI FI;;contro;legittima difesa aumenta violenza
Separation of judicial careers;separazione delle carriere;giudici e PM separati;destra;FdI Lega FI Noi Moderati Azione +Europa;;pro;separazione carriere giudici PM
Separation of judicial careers;separazione delle carriere;giudici e PM separati;destra;FdI Lega FI Noi Moderati Azione +Europa;;pro;perché separare giudici PM
Separation of judicial careers;separazione delle carriere;giudici e PM separati;destra;FdI Lega FI Noi Moderati Azione +Europa;;pro;separazione carriere garantisce imparzialità
Separation of judicial careers;separazione delle carriere;giudici e PM separati;destra;FdI Lega FI Noi Moderati Azione +Europa;;pro;separazione carriere riforma giusta
Separation of judicial careers;separazione delle carriere;giudici e PM separati;destra;FdI Lega FI Noi Moderati Azione +Europa;;pro;separazione carriere buona idea
Separation of judicial careers;separazione delle carriere;giudici e PM separati;destra;FdI Lega FI Noi Moderati Azione +Europa;;neutrale;cos'è separazione delle carriere
Separation of judicial careers;separazione delle carriere;giudici e PM separati;destra;FdI Lega FI Noi Moderati Azione +Europa;;neutrale;separazione carriere referendum quando
Separation of judicial careers;separazione delle carriere;giudici e PM separati;destra;FdI Lega FI Noi Moderati Azione +Europa;;neutrale;separazione carriere cosa cambia
Separation of judicial careers;separazione delle carriere;giudici e PM separati;destra;FdI Lega FI Noi Moderati Azione +Europa;;neutrale;differenza giudice pubblico ministero
Separation of judicial careers;separazione delle carriere;giudici e PM separati;destra;FdI Lega FI Noi Moderati Azione +Europa;;neutrale;separazione carriere riforma testo
Separation of judicial careers;separazione delle carriere;giudici e PM separati;destra;FdI Lega FI Noi Moderati Azione +Europa;;contro;separazione carriere indebolisce accusa
Separation of judicial careers;separazione delle carriere;giudici e PM separati;destra;FdI Lega FI Noi Moderati Azione +Europa;;contro;separazione carriere sottomette pm
Separation of judicial careers;separazione delle carriere;giudici e PM separati;destra;FdI Lega FI Noi Moderati Azione +Europa;;contro;perché no separazione carriere
Separation of judicial careers;separazione delle carriere;giudici e PM separati;destra;FdI Lega FI Noi Moderati Azione +Europa;;contro;separazione carriere rischio politico
Separation of judicial careers;separazione delle carriere;giudici e PM separati;destra;FdI Lega FI Noi Moderati Azione +Europa;;contro;separazione carriere pericolosa magistratura
